timestamp_lst,solar_available_mw,wind_available_mw,tou_period,electricity_price_cny_per_kwh
2020-04-30T00:00:00,0.0,1.409042970685477,valley,0.1804
2020-04-30T01:00:00,0.0,1.0878050083033755,valley,0.1804
2020-04-30T02:00:00,0.0,1.0902206708985778,valley,0.1804
2020-04-30T03:00:00,0.0,1.5494494749331873,valley,0.1804
2020-04-30T04:00:00,0.0,0.8985331203755841,valley,0.1804
2020-04-30T05:00:00,0.0009894723819611866,0.692818589301571,valley,0.1804
2020-04-30T06:00:00,0.22037428863044506,0.5890888607922993,valley,0.1804
2020-04-30T07:00:00,0.8396053821267119,0.8825973867925927,valley,0.1804
2020-04-30T08:00:00,1.4148759523455956,1.148390324627644,flat,0.4489
2020-04-30T09:00:00,1.821870294833378,1.301251451160336,peak,0.7174
2020-04-30T10:00:00,2.0783399333203594,1.3711368916697293,peak,0.7174
2020-04-30T11:00:00,2.1917943140051928,1.5591813753336172,peak,0.7174
2020-04-30T12:00:00,2.164973016910446,1.326167079331152,peak,0.7174
2020-04-30T13:00:00,1.9872519343269568,1.6889983212958837,flat,0.4489
2020-04-30T14:00:00,1.6715188082065007,1.708746108022618,flat,0.4489
2020-04-30T15:00:00,1.2284295032479922,1.2479343432533019,flat,0.4489
2020-04-30T16:00:00,0.6354452889061647,1.3490801368671936,flat,0.4489
2020-04-30T17:00:00,0.14244511103170243,1.127811637135723,flat,0.4489
2020-04-30T18:00:00,0.032428099228113086,1.0695930917851013,peak,0.7174
2020-04-30T19:00:00,0.0,0.9695188102378619,peak,0.7174
2020-04-30T20:00:00,0.0,0.9304823049997778,peak,0.7174
2020-04-30T21:00:00,0.0,0.7605710708516084,peak,0.7174
2020-04-30T22:00:00,0.0,0.6737779850529685,peak,0.7174
2020-04-30T23:00:00,0.0,0.754775384241369,flat,0.4489
2020-05-01T00:00:00,0.0,0.6299076303748593,valley,0.1804
2020-05-01T01:00:00,0.0,0.3655402464345619,valley,0.1804
2020-05-01T02:00:00,0.0,0.29205585902142167,valley,0.1804
2020-05-01T03:00:00,0.0,0.27659787275614134,valley,0.1804
2020-05-01T04:00:00,0.0,0.18948021399343193,valley,0.1804
2020-05-01T05:00:00,0.0011415489577858422,0.1485973884081876,valley,0.1804
2020-05-01T06:00:00,0.2149689288537595,0.03082060024004081,valley,0.1804
2020-05-01T07:00:00,0.8184956470965608,0.0,valley,0.1804
2020-05-01T08:00:00,1.397721057459434,0.04249932661840463,flat,0.4489
2020-05-01T09:00:00,1.8088040033918837,0.23859052178305348,peak,0.7174
2020-05-01T10:00:00,2.084310359099777,0.3045676732492013,peak,0.7174
2020-05-01T11:00:00,2.1998948360359627,0.5748013254789845,peak,0.7174
2020-05-01T12:00:00,2.1669044535357487,0.38436670008398854,peak,0.7174
2020-05-01T13:00:00,1.9946711791543617,0.2867480118956257,flat,0.4489
2020-05-01T14:00:00,1.6826156428868029,0.1644521874503612,flat,0.4489
2020-05-01T15:00:00,1.1971378858891355,0.18300299263023626,flat,0.4489
2020-05-01T16:00:00,0.5979967090987194,0.13006737537375213,flat,0.4489
2020-05-01T17:00:00,0.16530586041969383,0.1936973113664445,flat,0.4489
2020-05-01T18:00:00,0.03743498817082719,0.2561800169647615,peak,0.7174
2020-05-01T19:00:00,0.0,0.2642243639462865,peak,0.7174
2020-05-01T20:00:00,0.0,0.23831404500938588,peak,0.7174
2020-05-01T21:00:00,0.0,0.09750184008647204,peak,0.7174
2020-05-01T22:00:00,0.0,0.0008961515015292427,peak,0.7174
2020-05-01T23:00:00,0.0,0.0,flat,0.4489
2020-05-02T00:00:00,0.0,0.0,valley,0.1804
2020-05-02T01:00:00,0.0,0.0,valley,0.1804
2020-05-02T02:00:00,0.0,0.0,valley,0.1804
2020-05-02T03:00:00,0.0,0.0,valley,0.1804
2020-05-02T04:00:00,0.0,0.0,valley,0.1804
2020-05-02T05:00:00,0.0013037626828916345,0.0,valley,0.1804
2020-05-02T06:00:00,0.20598768506547863,0.0,valley,0.1804
2020-05-02T07:00:00,0.791110581139724,0.005124850505384423,valley,0.1804
2020-05-02T08:00:00,1.098531271855253,0.0,flat,0.4489
2020-05-02T09:00:00,1.5410930238232436,0.0,peak,0.7174
2020-05-02T10:00:00,2.02117279620024,0.0,peak,0.7174
2020-05-02T11:00:00,2.1446767279092884,0.061334846767534555,peak,0.7174
2020-05-02T12:00:00,2.1057630134299425,0.08322921832050656,peak,0.7174
2020-05-02T13:00:00,1.9550823476510582,0.32901386039319,flat,0.4489
2020-05-02T14:00:00,1.6455468930451171,0.5815244121641953,flat,0.4489
2020-05-02T15:00:00,1.1918299208066763,0.4924442109303464,flat,0.4489
2020-05-02T16:00:00,0.6256390782174447,0.2881064967319882,flat,0.4489
2020-05-02T17:00:00,0.14619783073811196,0.3537680117819357,flat,0.4489
2020-05-02T18:00:00,0.03729874453808716,0.12261707318782217,peak,0.7174
2020-05-02T19:00:00,0.0,0.38747681422768254,peak,0.7174
2020-05-02T20:00:00,0.0,2.0964938417566277,peak,0.7174
2020-05-02T21:00:00,0.0,1.5566504674624884,peak,0.7174
2020-05-02T22:00:00,0.0,1.5808594985673776,peak,0.7174
2020-05-02T23:00:00,0.0,1.6037070281375136,flat,0.4489
2020-05-03T00:00:00,0.0,2.3346364363183953,valley,0.1804
2020-05-03T01:00:00,0.0,3.4227193512659384,valley,0.1804
2020-05-03T02:00:00,0.0,3.5373425623542865,valley,0.1804
2020-05-03T03:00:00,0.0,3.537011433091509,valley,0.1804
2020-05-03T04:00:00,0.0,3.40378361171704,valley,0.1804
2020-05-03T05:00:00,0.0016508563632748649,3.2938923211416746,valley,0.1804
2020-05-03T06:00:00,0.1896732610934705,3.3279020688375165,valley,0.1804
2020-05-03T07:00:00,0.5609462617695649,2.8258889116645918,valley,0.1804
2020-05-03T08:00:00,1.1099855252324173,2.1382969204319267,flat,0.4489
2020-05-03T09:00:00,1.7524882098788168,1.2827542542758141,peak,0.7174
2020-05-03T10:00:00,2.0101824371346497,1.0321687374936936,peak,0.7174
2020-05-03T11:00:00,2.129778525699753,1.1304828001160983,peak,0.7174
2020-05-03T12:00:00,2.10395974814217,1.1988055121620502,peak,0.7174
2020-05-03T13:00:00,1.9381183203465175,1.0355716451018029,flat,0.4489
2020-05-03T14:00:00,1.6356415422664468,0.5717027900297945,flat,0.4489
2020-05-03T15:00:00,1.1978466135762278,0.3756824444263867,flat,0.4489
2020-05-03T16:00:00,0.6178221921061331,0.3300665880228728,flat,0.4489
2020-05-03T17:00:00,0.14399017266232741,0.7398141764190164,flat,0.4489
2020-05-03T18:00:00,0.03679494250101454,0.32702029050294884,peak,0.7174
2020-05-03T19:00:00,0.0,2.3403740540107063,peak,0.7174
2020-05-03T20:00:00,0.0,1.9866185889400747,peak,0.7174
2020-05-03T21:00:00,0.0,2.3120129500358395,peak,0.7174
2020-05-03T22:00:00,0.0,2.428614137350783,peak,0.7174
2020-05-03T23:00:00,0.0,2.7799005678652224,flat,0.4489
2020-05-04T00:00:00,0.0,3.124889364274306,valley,0.1804
2020-05-04T01:00:00,0.0,3.2426843366314824,valley,0.1804
2020-05-04T02:00:00,0.0,3.402548679377011,valley,0.1804
2020-05-04T03:00:00,0.0,3.740395493730118,valley,0.1804
2020-05-04T04:00:00,0.0,3.7841766662452927,valley,0.1804
2020-05-04T05:00:00,0.0016129311981874965,3.570361879140652,valley,0.1804
2020-05-04T06:00:00,0.21113227502780077,3.173573798059944,valley,0.1804
2020-05-04T07:00:00,0.6959187219756927,2.5112807107693578,valley,0.1804
2020-05-04T08:00:00,0.9267267461493054,1.801138864669704,flat,0.4489
2020-05-04T09:00:00,1.204889715105001,1.3958503382265564,peak,0.7174
2020-05-04T10:00:00,1.8016244710899096,1.1118499726526012,peak,0.7174
2020-05-04T11:00:00,2.1186131960034476,0.772391896036889,peak,0.7174
2020-05-04T12:00:00,2.082649440277178,1.0367016056471972,peak,0.7174
2020-05-04T13:00:00,1.9162190738309848,1.333319286176596,flat,0.4489
2020-05-04T14:00:00,1.6167342722081146,1.6150637687186276,flat,0.4489
2020-05-04T15:00:00,1.1858910329876933,1.7795682608277108,flat,0.4489
2020-05-04T16:00:00,0.6107846781294355,2.4216854736763653,flat,0.4489
2020-05-04T17:00:00,0.14913834392933834,2.3165707469898345,flat,0.4489
2020-05-04T18:00:00,0.04011517142353199,2.6431971081301335,peak,0.7174
2020-05-04T19:00:00,0.0,2.839697286269151,peak,0.7174
2020-05-04T20:00:00,0.0,2.4499227352841992,peak,0.7174
2020-05-04T21:00:00,0.0,2.1391513214707065,peak,0.7174
2020-05-04T22:00:00,0.0,1.9928006622012349,peak,0.7174
2020-05-04T23:00:00,0.0,2.1572841391079067,flat,0.4489
2020-05-05T00:00:00,0.0,2.2639679748983728,valley,0.1804
2020-05-05T01:00:00,0.0,2.154908768447125,valley,0.1804
2020-05-05T02:00:00,0.0,2.4707903265479056,valley,0.1804
2020-05-05T03:00:00,0.0,2.4490578075480727,valley,0.1804
2020-05-05T04:00:00,0.0,2.2033622792459804,valley,0.1804
2020-05-05T05:00:00,0.0014991819683890985,2.121890517617987,valley,0.1804
2020-05-05T06:00:00,0.19876181759077857,2.0604809991899766,valley,0.1804
2020-05-05T07:00:00,0.24622700835182995,2.1156202310805456,valley,0.1804
2020-05-05T08:00:00,1.1461088519010114,2.091381425868653,flat,0.4489
2020-05-05T09:00:00,0.7164940415121134,1.8030607203168263,peak,0.7174
2020-05-05T10:00:00,0.9599586498879132,1.5190756080660484,peak,0.7174
2020-05-05T11:00:00,1.6260401186105016,1.8227457533997544,peak,0.7174
2020-05-05T12:00:00,1.9320628438619032,1.5103648981636024,peak,0.7174
2020-05-05T13:00:00,1.6109945432826587,1.5545782054865678,flat,0.4489
2020-05-05T14:00:00,0.9190983358840882,1.722582592397164,flat,0.4489
2020-05-05T15:00:00,0.33833469299526797,2.2153623276703933,flat,0.4489
2020-05-05T16:00:00,0.13170204434738403,2.758812738426904,flat,0.4489
2020-05-05T17:00:00,0.03138408618504237,2.7592404353693536,flat,0.4489
2020-05-05T18:00:00,0.03578850486923401,2.900059960243461,peak,0.7174
2020-05-05T19:00:00,0.0,2.980353511397111,peak,0.7174
2020-05-05T20:00:00,0.0,2.7679269811626797,peak,0.7174
2020-05-05T21:00:00,0.0,2.9482848113821434,peak,0.7174
2020-05-05T22:00:00,0.0,2.676540928831852,peak,0.7174
2020-05-05T23:00:00,0.0,2.6934907036825315,flat,0.4489
2020-05-06T00:00:00,0.0,2.6679294194791487,valley,0.1804
2020-05-06T01:00:00,0.0,2.689134841557673,valley,0.1804
2020-05-06T02:00:00,0.0,2.5152933666129327,valley,0.1804
2020-05-06T03:00:00,0.0,2.2834388685149634,valley,0.1804
2020-05-06T04:00:00,0.0,2.2879026122090393,valley,0.1804
2020-05-06T05:00:00,1.8321668894733123e-05,2.4689296518074717,valley,0.1804
2020-05-06T06:00:00,0.1432904959830759,2.3049812610762315,valley,0.1804
2020-05-06T07:00:00,0.2171038243118063,2.136463249341111,valley,0.1804
2020-05-06T08:00:00,0.814802059241809,2.1570122611612774,flat,0.4489
2020-05-06T09:00:00,1.7974277388181532,2.2000328600748427,peak,0.7174
2020-05-06T10:00:00,2.0684596779738134,2.3287091623757163,peak,0.7174
2020-05-06T11:00:00,2.181185063580671,2.0415459606599216,peak,0.7174
2020-05-06T12:00:00,2.088208264122574,2.859464973453276,peak,0.7174
2020-05-06T13:00:00,1.9694696586423797,2.8949758333019227,flat,0.4489
2020-05-06T14:00:00,1.6570290542728736,3.2412919531521904,flat,0.4489
2020-05-06T15:00:00,1.2121319701325715,3.346937861062066,flat,0.4489
2020-05-06T16:00:00,0.6176528631334881,3.1493061515302845,flat,0.4489
2020-05-06T17:00:00,0.1652938526290791,3.5529383171199846,flat,0.4489
2020-05-06T18:00:00,0.03724163966294204,4.008821393038591,peak,0.7174
2020-05-06T19:00:00,0.0,4.16415762575105,peak,0.7174
2020-05-06T20:00:00,0.0,4.423383758400706,peak,0.7174
2020-05-06T21:00:00,0.0,4.07584111161485,peak,0.7174
2020-05-06T22:00:00,0.0,3.482144982986609,peak,0.7174
2020-05-06T23:00:00,0.0,2.8743567191230466,flat,0.4489
2020-05-07T00:00:00,0.0,2.6690436939874673,valley,0.1804
2020-05-07T01:00:00,0.0,2.6403320287696794,valley,0.1804
2020-05-07T02:00:00,0.0,2.6030747302924313,valley,0.1804
2020-05-07T03:00:00,0.0,2.265611701398239,valley,0.1804
2020-05-07T04:00:00,0.0,1.7095056314891324,valley,0.1804
2020-05-07T05:00:00,0.001957413454380413,1.7549285579029856,valley,0.1804
2020-05-07T06:00:00,0.21903535877163235,2.2952520264042664,valley,0.1804
2020-05-07T07:00:00,0.7989933254220151,2.442156540428987,valley,0.1804
2020-05-07T08:00:00,1.354100274471196,2.3147695986343275,flat,0.4489
2020-05-07T09:00:00,1.7532448625226147,2.044414790776307,peak,0.7174
2020-05-07T10:00:00,2.013176544606741,2.1659930334356265,peak,0.7174
2020-05-07T11:00:00,2.1338360313516715,2.117471322542144,peak,0.7174
2020-05-07T12:00:00,2.098122981661184,2.5196306782019966,peak,0.7174
2020-05-07T13:00:00,1.59847727507777,3.428333938940956,flat,0.4489
2020-05-07T14:00:00,1.5780227597492316,4.04342616728928,flat,0.4489
2020-05-07T15:00:00,0.8346057764408986,4.204222847882275,flat,0.4489
2020-05-07T16:00:00,0.4730751241715818,4.300108092362412,flat,0.4489
2020-05-07T17:00:00,0.1682741382458526,3.917428660212139,flat,0.4489
2020-05-07T18:00:00,0.04610677200187711,3.8565386098855483,peak,0.7174
2020-05-07T19:00:00,0.0,4.311344591748569,peak,0.7174
2020-05-07T20:00:00,0.0,4.658532233567411,peak,0.7174
2020-05-07T21:00:00,0.0,4.9822482738234894,peak,0.7174
2020-05-07T22:00:00,0.0,5.095077047897504,peak,0.7174
2020-05-07T23:00:00,0.0,4.6603813626517026,flat,0.4489
2020-05-08T00:00:00,0.0,3.8348891312665576,valley,0.1804
2020-05-08T01:00:00,0.0,4.016255332331059,valley,0.1804
2020-05-08T02:00:00,0.0,4.009422441111752,valley,0.1804
2020-05-08T03:00:00,0.0,3.443343024242696,valley,0.1804
2020-05-08T04:00:00,0.0,3.905885592835224,valley,0.1804
2020-05-08T05:00:00,0.0017312118661021014,4.744593286317302,valley,0.1804
2020-05-08T06:00:00,0.17185719453837747,5.261424922839226,valley,0.1804
2020-05-08T07:00:00,0.42625264215893965,4.320474655480019,valley,0.1804
2020-05-08T08:00:00,0.7621223923788042,3.7891507017969492,flat,0.4489
2020-05-08T09:00:00,0.7768779324520648,3.4299226037074657,peak,0.7174
2020-05-08T10:00:00,1.3312035047549908,3.5693035915559554,peak,0.7174
2020-05-08T11:00:00,1.4496507005679051,1.6616004295399722,peak,0.7174
2020-05-08T12:00:00,1.2353728513125533,3.8794963441773724,peak,0.7174
2020-05-08T13:00:00,0.7663982368222073,2.1809014817603845,flat,0.4489
2020-05-08T14:00:00,0.7642817214903364,2.1874533830059057,flat,0.4489
2020-05-08T15:00:00,0.997200438815292,3.101963817909698,flat,0.4489
2020-05-08T16:00:00,0.5458455523680203,3.3771480701708936,flat,0.4489
2020-05-08T17:00:00,0.05926920028317,3.646159344927659,flat,0.4489
2020-05-08T18:00:00,0.015243543090267346,3.767849967274854,peak,0.7174
2020-05-08T19:00:00,0.0,3.769074983033456,peak,0.7174
2020-05-08T20:00:00,0.0,3.5413158347437528,peak,0.7174
2020-05-08T21:00:00,0.0,3.1466209993549836,peak,0.7174
2020-05-08T22:00:00,0.0,3.0737649233145192,peak,0.7174
2020-05-08T23:00:00,0.0,3.3408183433459464,flat,0.4489
2020-05-09T00:00:00,0.0,1.840480690290006,valley,0.1804
2020-05-09T01:00:00,0.0,2.0118347152324585,valley,0.1804
2020-05-09T02:00:00,0.0,2.724978810093592,valley,0.1804
2020-05-09T03:00:00,0.0,2.837983452889197,valley,0.1804
2020-05-09T04:00:00,0.0,1.3565339386060684,valley,0.1804
2020-05-09T05:00:00,0.0019909382416733678,0.7143522355235831,valley,0.1804
2020-05-09T06:00:00,0.15779015919519582,0.7378814039521426,valley,0.1804
2020-05-09T07:00:00,0.520943546055682,1.2544006398126872,valley,0.1804
2020-05-09T08:00:00,1.0322022505648103,0.788975435549117,flat,0.4489
2020-05-09T09:00:00,1.2925312092446992,0.8295670079736448,peak,0.7174
2020-05-09T10:00:00,1.570276855612833,0.6352919840791019,peak,0.7174
2020-05-09T11:00:00,1.6427843741206314,0.6600259980400534,peak,0.7174
2020-05-09T12:00:00,1.5622126462139834,0.85765505791675,peak,0.7174
2020-05-09T13:00:00,1.3488365403824727,0.995923436497097,flat,0.4489
2020-05-09T14:00:00,0.7764776869787128,1.0646684715227717,flat,0.4489
2020-05-09T15:00:00,0.6919620013089123,1.6035899939196323,flat,0.4489
2020-05-09T16:00:00,0.45101104256868463,1.8653677596292166,flat,0.4489
2020-05-09T17:00:00,0.21906658706114293,1.9006472111144737,flat,0.4489
2020-05-09T18:00:00,0.055576653651601554,1.7389438611049723,peak,0.7174
2020-05-09T19:00:00,0.0,1.4970494290402703,peak,0.7174
2020-05-09T20:00:00,0.0,1.4961244255228134,peak,0.7174
2020-05-09T21:00:00,0.0,0.8642021429737706,peak,0.7174
2020-05-09T22:00:00,0.0,0.35770705212620774,peak,0.7174
2020-05-09T23:00:00,0.0,0.3528187648153736,flat,0.4489
2020-05-10T00:00:00,0.0,0.14032099728555428,valley,0.1804
2020-05-10T01:00:00,0.0,0.13743662600166237,valley,0.1804
2020-05-10T02:00:00,0.0,0.056391954214020046,valley,0.1804
2020-05-10T03:00:00,0.0,0.6483138091283194,valley,0.1804
2020-05-10T04:00:00,0.0,2.6287517010039108,valley,0.1804
2020-05-10T05:00:00,0.002929866583837704,3.3365731978997353,valley,0.1804
2020-05-10T06:00:00,0.2230574132873452,2.017749170004365,valley,0.1804
2020-05-10T07:00:00,0.8040408203940598,1.2061529749452653,valley,0.1804
2020-05-10T08:00:00,1.3788753728006276,1.181635020231765,flat,0.4489
2020-05-10T09:00:00,1.787902270681027,1.10422095006098,peak,0.7174
2020-05-10T10:00:00,2.0303448673196534,0.7041735490354403,peak,0.7174
2020-05-10T11:00:00,2.1208220221799774,0.8139812786834725,peak,0.7174
2020-05-10T12:00:00,2.0643537379690193,1.1529990606542404,peak,0.7174
2020-05-10T13:00:00,1.8879948900747754,1.8731093895529056,flat,0.4489
2020-05-10T14:00:00,1.5896109067026003,1.6162625757544389,flat,0.4489
2020-05-10T15:00:00,1.1706598974709739,2.07962224827834,flat,0.4489
2020-05-10T16:00:00,0.6052645916861871,2.641954842453044,flat,0.4489
2020-05-10T17:00:00,0.1545610770232177,2.486892876797968,flat,0.4489
2020-05-10T18:00:00,0.047261528694321486,2.5634934991653484,peak,0.7174
2020-05-10T19:00:00,0.0,2.296629759864529,peak,0.7174
2020-05-10T20:00:00,0.0,2.3100014398526474,peak,0.7174
2020-05-10T21:00:00,0.0,2.5968415186047293,peak,0.7174
2020-05-10T22:00:00,0.0,2.3456242657488278,peak,0.7174
2020-05-10T23:00:00,0.0,2.4465834412119962,flat,0.4489
2020-05-11T00:00:00,0.0,2.0979624637541323,valley,0.1804
2020-05-11T01:00:00,0.0,1.9004416859660587,valley,0.1804
2020-05-11T02:00:00,0.0,1.9565350923719846,valley,0.1804
2020-05-11T03:00:00,0.0,2.011850250278658,valley,0.1804
2020-05-11T04:00:00,0.0,2.568212267181538,valley,0.1804
2020-05-11T05:00:00,0.0033356498014704694,2.9126373179068916,valley,0.1804
2020-05-11T06:00:00,0.22132993118754138,3.2366916868780238,valley,0.1804
2020-05-11T07:00:00,0.7819666834706237,3.378173462603605,valley,0.1804
2020-05-11T08:00:00,1.332970797647847,3.447220328486155,flat,0.4489
2020-05-11T09:00:00,1.7343997615135123,3.468211234814158,peak,0.7174
2020-05-11T10:00:00,1.9794895924952511,3.4281125923464053,peak,0.7174
2020-05-11T11:00:00,2.0901461376997763,3.7634344824946386,peak,0.7174
2020-05-11T12:00:00,2.064682715794094,3.616798488423779,peak,0.7174
2020-05-11T13:00:00,1.894977677583043,3.9092600996969415,flat,0.4489
2020-05-11T14:00:00,1.6012628304841414,4.13036742753939,flat,0.4489
2020-05-11T15:00:00,1.0440105642561501,4.346328090453099,flat,0.4489
2020-05-11T16:00:00,0.561320330178595,4.222354811889069,flat,0.4489
2020-05-11T17:00:00,0.1819956472622037,3.702073181914337,flat,0.4489
2020-05-11T18:00:00,0.049833252973973584,4.002854092778561,peak,0.7174
2020-05-11T19:00:00,0.0,4.285519403919231,peak,0.7174
2020-05-11T20:00:00,0.0,4.542664724621393,peak,0.7174
2020-05-11T21:00:00,0.0,4.552742233507289,peak,0.7174
2020-05-11T22:00:00,0.0,4.7460055505951955,peak,0.7174
2020-05-11T23:00:00,0.0,4.947036128320213,flat,0.4489
2020-05-12T00:00:00,0.0,4.8671286149734465,valley,0.1804
2020-05-12T01:00:00,0.0,4.850466758167911,valley,0.1804
2020-05-12T02:00:00,0.0,4.754288340274882,valley,0.1804
2020-05-12T03:00:00,0.0,4.286736448299994,valley,0.1804
2020-05-12T04:00:00,0.0,3.85187855760408,valley,0.1804
2020-05-12T05:00:00,0.0031829381623075075,3.8870219858848194,valley,0.1804
2020-05-12T06:00:00,0.19900530216388548,3.6292988104976196,valley,0.1804
2020-05-12T07:00:00,0.5489459522993136,3.517761108550438,valley,0.1804
2020-05-12T08:00:00,1.0074364118868662,3.5757632850216203,flat,0.4489
2020-05-12T09:00:00,1.1666396470663076,3.601289726992262,peak,0.7174
2020-05-12T10:00:00,0.6877517769536851,3.724638581670412,peak,0.7174
2020-05-12T11:00:00,1.0852049588616377,3.8943355302453884,peak,0.7174
2020-05-12T12:00:00,1.3494850345376712,4.031209729976429,peak,0.7174
2020-05-12T13:00:00,1.6458715249242777,4.261321487891347,flat,0.4489
2020-05-12T14:00:00,1.0615824817724606,3.8451340926153823,flat,0.4489
2020-05-12T15:00:00,0.9283657051310978,4.605500627643816,flat,0.4489
2020-05-12T16:00:00,0.5244291541842343,4.919511439604074,flat,0.4489
2020-05-12T17:00:00,0.21980309661308706,5.094599436542368,flat,0.4489
2020-05-12T18:00:00,0.05044551484240997,4.532621871976285,peak,0.7174
2020-05-12T19:00:00,0.0,4.3646483243638325,peak,0.7174
2020-05-12T20:00:00,0.0,4.56563457902705,peak,0.7174
2020-05-12T21:00:00,0.0,4.128830393473179,peak,0.7174
2020-05-12T22:00:00,0.0,3.7248037773271574,peak,0.7174
2020-05-12T23:00:00,0.0,3.1370402630831733,flat,0.4489
2020-05-13T00:00:00,0.0,2.5885462138504223,valley,0.1804
2020-05-13T01:00:00,0.0,1.523322264480812,valley,0.1804
2020-05-13T02:00:00,0.0,1.004597061977741,valley,0.1804
2020-05-13T03:00:00,0.0,0.9354408198867588,valley,0.1804
2020-05-13T04:00:00,0.0,0.8947784476243038,valley,0.1804
2020-05-13T05:00:00,0.0031857566949354947,0.3513052840732825,valley,0.1804
2020-05-13T06:00:00,0.16690816412249587,0.06882128430075508,valley,0.1804
2020-05-13T07:00:00,0.24293183527278486,0.03133929031432258,valley,0.1804
2020-05-13T08:00:00,0.9804997698344441,0.725001680939359,flat,0.4489
2020-05-13T09:00:00,1.5806834328266166,0.6718349618315274,peak,0.7174
2020-05-13T10:00:00,1.934537680041867,2.23613753221682,peak,0.7174
2020-05-13T11:00:00,1.5229976341561142,3.927880863544189,peak,0.7174
2020-05-13T12:00:00,1.145817968242077,2.709900796541753,peak,0.7174
2020-05-13T13:00:00,1.0147645137513575,1.5028551356025301,flat,0.4489
2020-05-13T14:00:00,1.4399618061770714,0.5676150008256584,flat,0.4489
2020-05-13T15:00:00,0.8704215920944498,0.43520604104136723,flat,0.4489
2020-05-13T16:00:00,0.5297625913080766,0.6192096655904573,flat,0.4489
2020-05-13T17:00:00,0.15120481584743795,0.8404016263638732,flat,0.4489
2020-05-13T18:00:00,0.04815081349697751,3.0223093397356475,peak,0.7174
2020-05-13T19:00:00,0.0,3.5045003495510993,peak,0.7174
2020-05-13T20:00:00,0.0,3.14469349654742,peak,0.7174
2020-05-13T21:00:00,0.0,3.3548608399327313,peak,0.7174
2020-05-13T22:00:00,0.0,3.477697948841539,peak,0.7174
2020-05-13T23:00:00,0.0,3.1411838407085604,flat,0.4489
2020-05-14T00:00:00,0.0,3.034298243032774,valley,0.1804
2020-05-14T01:00:00,0.0,2.672653298429134,valley,0.1804
2020-05-14T02:00:00,0.0,3.4442740376428254,valley,0.1804
2020-05-14T03:00:00,0.0,3.3212253842004134,valley,0.1804
2020-05-14T04:00:00,0.0,3.9596213179235593,valley,0.1804
2020-05-14T05:00:00,0.0031718975374603275,3.747074721970371,valley,0.1804
2020-05-14T06:00:00,0.17196381273514472,5.421883809383672,valley,0.1804
2020-05-14T07:00:00,0.5573227651118441,5.1235899285299675,valley,0.1804
2020-05-14T08:00:00,0.8774145373914987,4.350051430321813,flat,0.4489
2020-05-14T09:00:00,1.0382760366613468,3.477273797454315,peak,0.7174
2020-05-14T10:00:00,1.200538878230416,3.694194024803497,peak,0.7174
2020-05-14T11:00:00,1.2996366422790901,3.835098659402505,peak,0.7174
2020-05-14T12:00:00,1.5929326317888288,4.593173251672199,peak,0.7174
2020-05-14T13:00:00,1.276601941392317,4.837038148777392,flat,0.4489
2020-05-14T14:00:00,1.2540624675321137,4.897840986894539,flat,0.4489
2020-05-14T15:00:00,1.0827640596781911,4.826999455843227,flat,0.4489
2020-05-14T16:00:00,0.5773278277047281,4.766458676966757,flat,0.4489
2020-05-14T17:00:00,0.16304986269606436,4.518640083914317,flat,0.4489
2020-05-14T18:00:00,0.04971273337291996,3.3915488138728858,peak,0.7174
2020-05-14T19:00:00,0.0,3.0027329208048834,peak,0.7174
2020-05-14T20:00:00,0.0,1.8881503180719041,peak,0.7174
2020-05-14T21:00:00,0.0,1.918329011237353,peak,0.7174
2020-05-14T22:00:00,0.0,1.8362122862591643,peak,0.7174
2020-05-14T23:00:00,0.0,1.0704636393621891,flat,0.4489
2020-05-15T00:00:00,0.0,0.7013872071717177,valley,0.1804
2020-05-15T01:00:00,0.0,0.7194040048859199,valley,0.1804
2020-05-15T02:00:00,0.0,0.48486516173253696,valley,0.1804
2020-05-15T03:00:00,0.0,0.31926585469308405,valley,0.1804
2020-05-15T04:00:00,0.0,0.13084380588658576,valley,0.1804
2020-05-15T05:00:00,0.0036806840999916725,0.0,valley,0.1804
2020-05-15T06:00:00,0.13143740807878315,0.0,valley,0.1804
2020-05-15T07:00:00,0.38498227187011674,0.0,valley,0.1804
2020-05-15T08:00:00,0.789063253676097,0.0,flat,0.4489
2020-05-15T09:00:00,1.1808520338128792,0.0,peak,0.7174
2020-05-15T10:00:00,1.6070019204358188,0.0,peak,0.7174
2020-05-15T11:00:00,1.1993931062131875,0.0,peak,0.7174
2020-05-15T12:00:00,1.5198986447887013,0.004719905732567426,peak,0.7174
2020-05-15T13:00:00,0.4458037706023151,0.14887743528764877,flat,0.4489
2020-05-15T14:00:00,0.08057971953343458,0.36599546107212655,flat,0.4489
2020-05-15T15:00:00,0.059051743915630506,0.1395660457511815,flat,0.4489
2020-05-15T16:00:00,0.04501146473734407,0.1386948206071832,flat,0.4489
2020-05-15T17:00:00,0.00567506535007612,0.07120981765717316,flat,0.4489
2020-05-15T18:00:00,0.014207935183915154,0.011695552199746571,peak,0.7174
2020-05-15T19:00:00,0.0,2.6372979040055005,peak,0.7174
2020-05-15T20:00:00,0.0,2.566479203548949,peak,0.7174
2020-05-15T21:00:00,0.0,2.4511434039549664,peak,0.7174
2020-05-15T22:00:00,0.0,3.244400009915776,peak,0.7174
2020-05-15T23:00:00,0.0,3.6337936663950976,flat,0.4489
2020-05-16T00:00:00,0.0,3.937542961358267,valley,0.1804
2020-05-16T01:00:00,0.0,4.370281306747401,valley,0.1804
2020-05-16T02:00:00,0.0,4.310435091939907,valley,0.1804
2020-05-16T03:00:00,0.0,4.099990682817806,valley,0.1804
2020-05-16T04:00:00,0.0,3.774552850238194,valley,0.1804
2020-05-16T05:00:00,0.0,3.2487959093927414,valley,0.1804
2020-05-16T06:00:00,0.006686833005452979,3.1110349421717096,valley,0.1804
2020-05-16T07:00:00,0.031039623333721317,3.1533063977595113,valley,0.1804
2020-05-16T08:00:00,0.2653391453071267,3.608044097059136,flat,0.4489
2020-05-16T09:00:00,0.5527725967932621,2.819421421865574,peak,0.7174
2020-05-16T10:00:00,1.060614762108064,2.305141071601818,peak,0.7174
2020-05-16T11:00:00,0.992488876968527,2.3573773902155573,peak,0.7174
2020-05-16T12:00:00,1.4841631695726167,1.9756312731228176,peak,0.7174
2020-05-16T13:00:00,1.4325129965101844,2.0220685311927373,flat,0.4489
2020-05-16T14:00:00,1.3771199572237665,2.9874874861735763,flat,0.4489
2020-05-16T15:00:00,0.9725346146278744,2.7527972077346816,flat,0.4489
2020-05-16T16:00:00,0.5040658110854861,2.7565697401741094,flat,0.4489
2020-05-16T17:00:00,0.20859895160914665,3.1414949864790453,flat,0.4489
2020-05-16T18:00:00,0.056281375128838566,3.8846570746794176,peak,0.7174
2020-05-16T19:00:00,0.0,4.180955445537899,peak,0.7174
2020-05-16T20:00:00,0.0,4.374563582951363,peak,0.7174
2020-05-16T21:00:00,0.0,4.346667033230328,peak,0.7174
2020-05-16T22:00:00,0.0,4.6191772169289695,peak,0.7174
2020-05-16T23:00:00,0.0,4.705753505588791,flat,0.4489
2020-05-17T00:00:00,0.0,5.105392671582586,valley,0.1804
2020-05-17T01:00:00,0.0,5.257674416500842,valley,0.1804
2020-05-17T02:00:00,0.0,5.40408502524577,valley,0.1804
2020-05-17T03:00:00,0.0,5.421509681783999,valley,0.1804
2020-05-17T04:00:00,0.0,5.40521568330525,valley,0.1804
2020-05-17T05:00:00,8.689335567185981e-05,5.3318344953504635,valley,0.1804
2020-05-17T06:00:00,0.04566286878461496,5.087558206951184,valley,0.1804
2020-05-17T07:00:00,0.17991569997172552,4.855921238591914,valley,0.1804
2020-05-17T08:00:00,0.2838296635807512,4.5852877184106875,flat,0.4489
2020-05-17T09:00:00,0.37267979507108717,4.15571410086127,peak,0.7174
2020-05-17T10:00:00,1.2757227913487073,4.168753747016187,peak,0.7174
2020-05-17T11:00:00,1.9067708277796787,4.6967734682585895,peak,0.7174
2020-05-17T12:00:00,1.9630367488016525,4.542868452941455,peak,0.7174
2020-05-17T13:00:00,1.788432022737381,3.453153211792992,flat,0.4489
2020-05-17T14:00:00,1.4965802215493846,3.915882203625417,flat,0.4489
2020-05-17T15:00:00,1.0704148603739352,3.93622341737945,flat,0.4489
2020-05-17T16:00:00,0.5569443405177873,4.697194350198486,flat,0.4489
2020-05-17T17:00:00,0.1516707150536115,3.7165531185132963,flat,0.4489
2020-05-17T18:00:00,0.05285022741730582,4.41662095752711,peak,0.7174
2020-05-17T19:00:00,0.0,3.961354016345041,peak,0.7174
2020-05-17T20:00:00,0.0,3.870832402610665,peak,0.7174
2020-05-17T21:00:00,0.0,3.977937258901237,peak,0.7174
2020-05-17T22:00:00,0.0,3.819553071205995,peak,0.7174
2020-05-17T23:00:00,0.0,3.740981738271446,flat,0.4489
2020-05-18T00:00:00,0.0,3.4156284841912172,valley,0.1804
2020-05-18T01:00:00,0.0,3.0384959245333505,valley,0.1804
2020-05-18T02:00:00,0.0,2.8977039961435107,valley,0.1804
2020-05-18T03:00:00,0.0,2.178546746978038,valley,0.1804
2020-05-18T04:00:00,0.0,1.7028978911461967,valley,0.1804
2020-05-18T05:00:00,0.004856506200116074,1.4716881440516631,valley,0.1804
2020-05-18T06:00:00,0.21502505112723522,1.341809565131685,valley,0.1804
2020-05-18T07:00:00,0.7502572290485859,1.229857486283313,valley,0.1804
2020-05-18T08:00:00,1.259833710841865,1.322199801543333,flat,0.4489
2020-05-18T09:00:00,1.6088169035990818,1.507493947566801,peak,0.7174
2020-05-18T10:00:00,1.8330288869971394,1.3091754216841307,peak,0.7174
2020-05-18T11:00:00,1.9442392610414896,1.0543128826635864,peak,0.7174
2020-05-18T12:00:00,1.9290595501458918,1.4317499602936932,peak,0.7174
2020-05-18T13:00:00,1.7823771053248005,1.945237763692525,flat,0.4489
2020-05-18T14:00:00,1.5073544891080788,1.5192747264432105,flat,0.4489
2020-05-18T15:00:00,1.100683967100499,1.8450041031990478,flat,0.4489
2020-05-18T16:00:00,0.5604862846412012,1.9526836438874529,flat,0.4489
2020-05-18T17:00:00,0.1368797956016056,2.0737257761230894,flat,0.4489
2020-05-18T18:00:00,0.04650294368200625,1.83388379300598,peak,0.7174
2020-05-18T19:00:00,0.0,1.524881092513171,peak,0.7174
2020-05-18T20:00:00,0.0,2.0367734829912183,peak,0.7174
2020-05-18T21:00:00,0.0,2.481351394966894,peak,0.7174
2020-05-18T22:00:00,0.0,2.6779207680115484,peak,0.7174
2020-05-18T23:00:00,0.0,2.8910173633520717,flat,0.4489
2020-05-19T00:00:00,0.0,2.9112098672361495,valley,0.1804
2020-05-19T01:00:00,0.0,2.9434585188373177,valley,0.1804
2020-05-19T02:00:00,0.0,2.9469579328491484,valley,0.1804
2020-05-19T03:00:00,0.0,3.0008588777942116,valley,0.1804
2020-05-19T04:00:00,0.0,2.515036849348486,valley,0.1804
2020-05-19T05:00:00,0.005096528993525993,2.5040703446586625,valley,0.1804
2020-05-19T06:00:00,0.21182685592899034,2.110250367306745,valley,0.1804
2020-05-19T07:00:00,0.7483963966964519,2.285179688228247,valley,0.1804
2020-05-19T08:00:00,1.2787382761418697,2.221493836934683,flat,0.4489
2020-05-19T09:00:00,1.6561490777291763,1.779244690557024,peak,0.7174
2020-05-19T10:00:00,1.9016000635600332,2.4931559070238194,peak,0.7174
2020-05-19T11:00:00,2.00721201527194,2.7808822992616684,peak,0.7174
2020-05-19T12:00:00,1.9757379827534265,2.082194001295336,peak,0.7174
2020-05-19T13:00:00,1.8158710062818815,2.0938388094389264,flat,0.4489
2020-05-19T14:00:00,1.5260504826917518,2.322545189552238,flat,0.4489
2020-05-19T15:00:00,1.1100171252236322,2.4619984406833826,flat,0.4489
2020-05-19T16:00:00,0.5636523302149417,2.8617453744031836,flat,0.4489
2020-05-19T17:00:00,0.1424112168565038,3.1361301543302122,flat,0.4489
2020-05-19T18:00:00,0.048969339741089614,2.9049678600165816,peak,0.7174
2020-05-19T19:00:00,0.0,2.802623730705326,peak,0.7174
2020-05-19T20:00:00,0.0,3.654907762990224,peak,0.7174
2020-05-19T21:00:00,0.0,4.229767287196272,peak,0.7174
2020-05-19T22:00:00,0.0,4.0347654665387696,peak,0.7174
2020-05-19T23:00:00,0.0,4.0799545580036485,flat,0.4489
2020-05-20T00:00:00,0.0,3.8407365387003005,valley,0.1804
2020-05-20T01:00:00,0.0,3.775002117086737,valley,0.1804
2020-05-20T02:00:00,0.0,3.8157504442935246,valley,0.1804
2020-05-20T03:00:00,0.0,3.5496953442094594,valley,0.1804
2020-05-20T04:00:00,0.0,3.2428064556611034,valley,0.1804
2020-05-20T05:00:00,0.005746492814717463,3.13166803683348,valley,0.1804
2020-05-20T06:00:00,0.21000536510590753,3.0656350677391795,valley,0.1804
2020-05-20T07:00:00,0.7326021725682188,2.6042097061507854,valley,0.1804
2020-05-20T08:00:00,1.0149875903347982,2.405503608597724,flat,0.4489
2020-05-20T09:00:00,1.3288712946942942,2.164301602574342,peak,0.7174
2020-05-20T10:00:00,1.6194199816241308,2.636103274414614,peak,0.7174
2020-05-20T11:00:00,1.9986095302512277,2.7267140076964065,peak,0.7174
2020-05-20T12:00:00,1.9067134915325845,1.9491906611322245,peak,0.7174
2020-05-20T13:00:00,1.8093455775012142,1.8600510658469978,flat,0.4489
2020-05-20T14:00:00,1.5248173204612332,2.1406858813669465,flat,0.4489
2020-05-20T15:00:00,1.1113392416591636,2.575024311579478,flat,0.4489
2020-05-20T16:00:00,0.5668235309129313,2.7664234349966397,flat,0.4489
2020-05-20T17:00:00,0.14910137211537092,2.3040583752471133,flat,0.4489
2020-05-20T18:00:00,0.05240676380073952,2.7480488553258393,peak,0.7174
2020-05-20T19:00:00,7.74881605279007e-05,2.454788613858511,peak,0.7174
2020-05-20T20:00:00,0.0,2.2870985735411824,peak,0.7174
2020-05-20T21:00:00,0.0,2.5526416281144275,peak,0.7174
2020-05-20T22:00:00,0.0,2.785058851966222,peak,0.7174
2020-05-20T23:00:00,0.0,2.9460589540975586,flat,0.4489
2020-05-21T00:00:00,0.0,3.052566483996498,valley,0.1804
2020-05-21T01:00:00,0.0,2.805091189049415,valley,0.1804
2020-05-21T02:00:00,0.0,3.0443382261495664,valley,0.1804
2020-05-21T03:00:00,0.0,2.8727850389045897,valley,0.1804
2020-05-21T04:00:00,0.0,2.324781446451729,valley,0.1804
2020-05-21T05:00:00,0.006168956603979467,1.7954338074103493,valley,0.1804
2020-05-21T06:00:00,0.20456724781541735,1.4258488286415731,valley,0.1804
2020-05-21T07:00:00,0.533492472622948,1.2291084488189117,valley,0.1804
2020-05-21T08:00:00,0.8642881519519402,1.2890293787612483,flat,0.4489
2020-05-21T09:00:00,1.1090861131754661,1.2631729279466706,peak,0.7174
2020-05-21T10:00:00,1.7527490327000936,1.360249389937219,peak,0.7174
2020-05-21T11:00:00,1.6809616908642335,0.9581882691705502,peak,0.7174
2020-05-21T12:00:00,1.8143738253617279,1.3461960880513992,peak,0.7174
2020-05-21T13:00:00,1.3996811756341503,2.0194578655462343,flat,0.4489
2020-05-21T14:00:00,0.7539328888448923,1.4661426439838656,flat,0.4489
2020-05-21T15:00:00,0.7654314492930179,1.8496290166886802,flat,0.4489
2020-05-21T16:00:00,0.5653131732309341,2.134025345301351,flat,0.4489
2020-05-21T17:00:00,0.20719616151602363,2.15850192089928,flat,0.4489
2020-05-21T18:00:00,0.06622851401544497,3.2108984155217937,peak,0.7174
2020-05-21T19:00:00,0.0,3.0869694617036534,peak,0.7174
2020-05-21T20:00:00,0.0,3.575276121209541,peak,0.7174
2020-05-21T21:00:00,0.0,3.182728354991539,peak,0.7174
2020-05-21T22:00:00,0.0,2.4604084948592932,peak,0.7174
2020-05-21T23:00:00,0.0,2.404465781329207,flat,0.4489
2020-05-22T00:00:00,0.0,1.9840899580339952,valley,0.1804
2020-05-22T01:00:00,0.0,1.6809910285137768,valley,0.1804
2020-05-22T02:00:00,0.0,1.3920910895252347,valley,0.1804
2020-05-22T03:00:00,0.0,0.9750386168613051,valley,0.1804
2020-05-22T04:00:00,0.0,0.9886848514024679,valley,0.1804
2020-05-22T05:00:00,0.006404544048437676,0.8750268302748051,valley,0.1804
2020-05-22T06:00:00,0.19662598142248092,0.7236247336141935,valley,0.1804
2020-05-22T07:00:00,0.6999467996231838,0.5133338875480606,valley,0.1804
2020-05-22T08:00:00,1.1116548037739746,0.28331941403516187,flat,0.4489
2020-05-22T09:00:00,1.1373175547599588,0.2055497308581998,peak,0.7174
2020-05-22T10:00:00,1.7950656230641908,0.13760099893657085,peak,0.7174
2020-05-22T11:00:00,1.8083030457766647,0.1351045654477924,peak,0.7174
2020-05-22T12:00:00,1.537302857510726,0.3058694154552182,peak,0.7174
2020-05-22T13:00:00,1.727114320660533,0.3067921874646436,flat,0.4489
2020-05-22T14:00:00,1.4930921192129125,0.7959704958779489,flat,0.4489
2020-05-22T15:00:00,0.9993324860792557,1.0711924216276134,flat,0.4489
2020-05-22T16:00:00,0.5762030825849938,1.0047316750653572,flat,0.4489
2020-05-22T17:00:00,0.1817162163457682,1.1263264844930905,flat,0.4489
2020-05-22T18:00:00,0.06222670536562805,1.3381482290292528,peak,0.7174
2020-05-22T19:00:00,7.569971264643437e-05,1.5866429570183076,peak,0.7174
2020-05-22T20:00:00,0.0,1.4262929349146274,peak,0.7174
2020-05-22T21:00:00,0.0,1.439826551950999,peak,0.7174
2020-05-22T22:00:00,0.0,1.0118564216232038,peak,0.7174
2020-05-22T23:00:00,0.0,0.6243943011649621,flat,0.4489
2020-05-23T00:00:00,0.0,0.6326381824067341,valley,0.1804
2020-05-23T01:00:00,0.0,0.5031736477313314,valley,0.1804
2020-05-23T02:00:00,0.0,0.43009352895197894,valley,0.1804
2020-05-23T03:00:00,0.0,0.49895162803338294,valley,0.1804
2020-05-23T04:00:00,0.0,0.2621393622536811,valley,0.1804
2020-05-23T05:00:00,0.005712107065060783,0.2386988030765932,valley,0.1804
2020-05-23T06:00:00,0.1880804162290227,0.2355470846747907,valley,0.1804
2020-05-23T07:00:00,0.5282733817754404,0.2266697971077873,valley,0.1804
2020-05-23T08:00:00,1.0047525683618888,0.20505379602331755,flat,0.4489
2020-05-23T09:00:00,1.1855115904905558,0.10692526469660237,peak,0.7174
2020-05-23T10:00:00,1.8317830920538363,0.23407090268159636,peak,0.7174
2020-05-23T11:00:00,1.9585384026080686,0.10522549318258234,peak,0.7174
2020-05-23T12:00:00,1.8663258238433158,0.2786268634469264,peak,0.7174
2020-05-23T13:00:00,1.7359995177120817,0.4579935208758709,flat,0.4489
2020-05-23T14:00:00,1.5239369064244659,0.3955955155027427,flat,0.4489
2020-05-23T15:00:00,1.0885786302446512,0.7594102609132433,flat,0.4489
2020-05-23T16:00:00,0.5435591109405339,1.1888183539949242,flat,0.4489
2020-05-23T17:00:00,0.15630343640229236,1.5067721750777545,flat,0.4489
2020-05-23T18:00:00,0.05467933375705535,1.682195958799439,peak,0.7174
2020-05-23T19:00:00,0.00026943359056449484,1.5094184984078665,peak,0.7174
2020-05-23T20:00:00,0.0,1.4629496642454776,peak,0.7174
2020-05-23T21:00:00,0.0,1.293044005548352,peak,0.7174
2020-05-23T22:00:00,0.0,1.0311112547632757,peak,0.7174
2020-05-23T23:00:00,0.0,0.9466285739232528,flat,0.4489
2020-05-24T00:00:00,0.0,0.8421980142972666,valley,0.1804
2020-05-24T01:00:00,0.0,0.7776653022320387,valley,0.1804
2020-05-24T02:00:00,0.0,0.7392839486735704,valley,0.1804
2020-05-24T03:00:00,0.0,0.6523451765472134,valley,0.1804
2020-05-24T04:00:00,0.0,0.47896847230154743,valley,0.1804
2020-05-24T05:00:00,0.005717711024722553,0.30253194601459643,valley,0.1804
2020-05-24T06:00:00,0.1452370127995619,0.221093697627555,valley,0.1804
2020-05-24T07:00:00,0.5486433076530921,0.1952371565122826,valley,0.1804
2020-05-24T08:00:00,0.9745772087709991,0.24047047190296986,flat,0.4489
2020-05-24T09:00:00,1.1412651225780046,0.1811501988366063,peak,0.7174
2020-05-24T10:00:00,0.7533197690276042,0.15009649182767557,peak,0.7174
2020-05-24T11:00:00,1.4577640259603255,0.17485930894039525,peak,0.7174
2020-05-24T12:00:00,1.0072999772386206,0.14084545331804363,peak,0.7174
2020-05-24T13:00:00,0.7233471205650569,0.262319132085503,flat,0.4489
2020-05-24T14:00:00,1.37054179509036,1.0757494868506952,flat,0.4489
2020-05-24T15:00:00,0.9346917258995902,1.6029235979532699,flat,0.4489
2020-05-24T16:00:00,0.4877614837781472,1.668001821688862,flat,0.4489
2020-05-24T17:00:00,0.16436000961727004,1.8975295605232383,flat,0.4489
2020-05-24T18:00:00,0.0667479104206296,1.6446653496765655,peak,0.7174
2020-05-24T19:00:00,0.0,1.3761899130670951,peak,0.7174
2020-05-24T20:00:00,0.0,1.2746431504434923,peak,0.7174
2020-05-24T21:00:00,0.0,1.22759226860983,peak,0.7174
2020-05-24T22:00:00,0.0,1.0921591014695358,peak,0.7174
2020-05-24T23:00:00,0.0,1.0887044828925807,flat,0.4489
2020-05-25T00:00:00,0.0,1.543086755546246,valley,0.1804
2020-05-25T01:00:00,0.0,1.4678726755606766,valley,0.1804
2020-05-25T02:00:00,0.0,1.4783677040301846,valley,0.1804
2020-05-25T03:00:00,0.0,1.1419503757452627,valley,0.1804
2020-05-25T04:00:00,0.0,0.7786228172485532,valley,0.1804
2020-05-25T05:00:00,0.004499144771540358,0.5878459878962005,valley,0.1804
2020-05-25T06:00:00,0.14995154737761118,0.6830855523676936,valley,0.1804
2020-05-25T07:00:00,0.583276602340156,0.4650913116365727,valley,0.1804
2020-05-25T08:00:00,0.5800855059240625,0.31231699315830486,flat,0.4489
2020-05-25T09:00:00,1.1551236369826732,0.311591080084105,peak,0.7174
2020-05-25T10:00:00,1.5121396471556399,0.2814416833548652,peak,0.7174
2020-05-25T11:00:00,1.638444217759157,0.8052951373082561,peak,0.7174
2020-05-25T12:00:00,1.5899691308449126,0.5265374154868756,peak,0.7174
2020-05-25T13:00:00,1.5288619208071594,1.0916247578774874,flat,0.4489
2020-05-25T14:00:00,1.278425181256171,1.6058992552620193,flat,0.4489
2020-05-25T15:00:00,0.8748025144906845,1.6289259398869085,flat,0.4489
2020-05-25T16:00:00,0.5565334174715016,1.5119167600770913,flat,0.4489
2020-05-25T17:00:00,0.20118555723787157,1.5585000495901955,flat,0.4489
2020-05-25T18:00:00,0.060587295737563045,1.908378379527247,peak,0.7174
2020-05-25T19:00:00,0.00028144292212097167,1.7833524853254852,peak,0.7174
2020-05-25T20:00:00,0.0,1.7179982965928382,peak,0.7174
2020-05-25T21:00:00,0.0,1.766306984188202,peak,0.7174
2020-05-25T22:00:00,0.0,1.4805758741969288,peak,0.7174
2020-05-25T23:00:00,0.0,1.3063541069706683,flat,0.4489
2020-05-26T00:00:00,0.0,0.9884480361956861,valley,0.1804
2020-05-26T01:00:00,0.0,0.8350294536282169,valley,0.1804
2020-05-26T02:00:00,0.0,0.905798024602071,valley,0.1804
2020-05-26T03:00:00,0.0,1.0590359577512902,valley,0.1804
2020-05-26T04:00:00,0.0,0.9049253899333607,valley,0.1804
2020-05-26T05:00:00,0.0005858607810929333,0.8506916252673834,valley,0.1804
2020-05-26T06:00:00,0.14648147681674983,0.8236146234543577,valley,0.1804
2020-05-26T07:00:00,0.4977181951283282,0.6665523597923112,valley,0.1804
2020-05-26T08:00:00,0.9189076909930112,0.6497511065460319,flat,0.4489
2020-05-26T09:00:00,1.2206205782215738,0.7377625556812987,peak,0.7174
2020-05-26T10:00:00,1.4274789194444113,0.627716079654554,peak,0.7174
2020-05-26T11:00:00,1.9259362879793223,0.6200370634554156,peak,0.7174
2020-05-26T12:00:00,1.8135325234632755,1.3864122562106898,peak,0.7174
2020-05-26T13:00:00,1.2125976612397258,1.516799219935005,flat,0.4489
2020-05-26T14:00:00,1.3520178706506394,1.5238760466484564,flat,0.4489
2020-05-26T15:00:00,1.0659371352570857,1.4869802551261593,flat,0.4489
2020-05-26T16:00:00,0.5689398966605373,1.4430990643280381,flat,0.4489
2020-05-26T17:00:00,0.1840845362353728,2.0394760027658796,flat,0.4489
2020-05-26T18:00:00,0.06553177734516166,1.7312298489150075,peak,0.7174
2020-05-26T19:00:00,0.0,1.7391044203075066,peak,0.7174
2020-05-26T20:00:00,0.0,1.4429965394772697,peak,0.7174
2020-05-26T21:00:00,0.0,1.3613858980417604,peak,0.7174
2020-05-26T22:00:00,0.0,1.4755930353347946,peak,0.7174
2020-05-26T23:00:00,0.0,1.1353587542246315,flat,0.4489
2020-05-27T00:00:00,0.0,0.6365464612759438,valley,0.1804
2020-05-27T01:00:00,0.0,0.8832275436568889,valley,0.1804
2020-05-27T02:00:00,0.0,1.136055624813037,valley,0.1804
2020-05-27T03:00:00,0.0,1.7491576979618586,valley,0.1804
2020-05-27T04:00:00,0.0,1.4997158082562787,valley,0.1804
2020-05-27T05:00:00,0.0071698272436044085,1.2095903723829302,valley,0.1804
2020-05-27T06:00:00,0.21118872330401553,1.1099717719942739,valley,0.1804
2020-05-27T07:00:00,0.7323136850037423,1.0242746990601899,valley,0.1804
2020-05-27T08:00:00,1.251650276310394,0.9023521984478354,flat,0.4489
2020-05-27T09:00:00,1.6184931052074834,1.4337516860278356,peak,0.7174
2020-05-27T10:00:00,1.8428043286694165,1.600252230952198,peak,0.7174
2020-05-27T11:00:00,1.9430821807112475,1.9977406813128618,peak,0.7174
2020-05-27T12:00:00,1.915393668508754,2.8026521611343553,peak,0.7174
2020-05-27T13:00:00,1.6388073020379377,3.1029827408249155,flat,0.4489
2020-05-27T14:00:00,0.7252070325131202,4.499110843099374,flat,0.4489
2020-05-27T15:00:00,0.08508371278253736,3.5310357624969995,flat,0.4489
2020-05-27T16:00:00,0.04502370503919456,1.9758338977186771,flat,0.4489
2020-05-27T17:00:00,0.05430531981313388,2.7231655537288777,flat,0.4489
2020-05-27T18:00:00,0.07376834504539347,3.168493248894799,peak,0.7174
2020-05-27T19:00:00,0.0,2.233140082177174,peak,0.7174
2020-05-27T20:00:00,0.0,1.2325387891003194,peak,0.7174
2020-05-27T21:00:00,0.0,2.3777554117258135,peak,0.7174
2020-05-27T22:00:00,0.0,3.6811643087675843,peak,0.7174
2020-05-27T23:00:00,0.0,0.4996157860004508,flat,0.4489
2020-05-28T00:00:00,0.0,0.10665494651921692,valley,0.1804
2020-05-28T01:00:00,0.0,0.15078005529636992,valley,0.1804
2020-05-28T02:00:00,0.0,0.08475378734561313,valley,0.1804
2020-05-28T03:00:00,0.0,0.09556081969096293,valley,0.1804
2020-05-28T04:00:00,0.0,0.12034169035550646,valley,0.1804
2020-05-28T05:00:00,0.008042448640510376,0.0036647179521052315,valley,0.1804
2020-05-28T06:00:00,0.16337447754753162,0.0013182122765065171,valley,0.1804
2020-05-28T07:00:00,0.4484922044653374,0.0,valley,0.1804
2020-05-28T08:00:00,0.8374757998208778,0.0,flat,0.4489
2020-05-28T09:00:00,1.0510286906414341,0.007514170865901541,peak,0.7174
2020-05-28T10:00:00,1.1273586369145097,0.061084616483045244,peak,0.7174
2020-05-28T11:00:00,1.855322573501321,0.21419431849768333,peak,0.7174
2020-05-28T12:00:00,1.428799204259861,0.10685853752588569,peak,0.7174
2020-05-28T13:00:00,0.6709656413287699,0.20117591784827982,flat,0.4489
2020-05-28T14:00:00,0.12978529936479322,0.20287058220732712,flat,0.4489
2020-05-28T15:00:00,0.1969130249812723,0.2331072804663522,flat,0.4489
2020-05-28T16:00:00,0.1820495052555758,0.9060429593409243,flat,0.4489
2020-05-28T17:00:00,0.18032930469269692,0.3088951238050217,flat,0.4489
2020-05-28T18:00:00,0.07673737193629805,0.49333803895528355,peak,0.7174
2020-05-28T19:00:00,0.0003057552631886135,0.0477894345668767,peak,0.7174
2020-05-28T20:00:00,0.0,0.046433555950450484,peak,0.7174
2020-05-28T21:00:00,0.0,0.0,peak,0.7174
2020-05-28T22:00:00,0.0,0.0,peak,0.7174
2020-05-28T23:00:00,0.0,0.0,flat,0.4489
2020-05-29T00:00:00,0.0,0.0,valley,0.1804
2020-05-29T01:00:00,0.0,0.0,valley,0.1804
2020-05-29T02:00:00,0.0,0.0,valley,0.1804
