timestamp_lst,solar_irradiance_wh_m2,wind_speed_50m_m_s
2019-05-01T00:00:00,0.0,7.07
2019-05-01T01:00:00,0.0,5.86
2019-05-01T02:00:00,0.0,4.01
2019-05-01T03:00:00,0.0,2.2
2019-05-01T04:00:00,0.0,1.16
2019-05-01T05:00:00,0.0,2.4
2019-05-01T06:00:00,118.72,3.48
2019-05-01T07:00:00,333.8,2.96
2019-05-01T08:00:00,557.6,2.1
2019-05-01T09:00:00,755.65,2.28
2019-05-01T10:00:00,909.4,2.64
2019-05-01T11:00:00,1006.28,2.97
2019-05-01T12:00:00,1032.9,3.12
2019-05-01T13:00:00,997.12,3.12
2019-05-01T14:00:00,896.7,3.17
2019-05-01T15:00:00,740.72,3.12
2019-05-01T16:00:00,539.72,3.03
2019-05-01T17:00:00,305.27,3.03
2019-05-01T18:00:00,93.55,2.81
2019-05-01T19:00:00,0.0,2.6
2019-05-01T20:00:00,0.0,2.42
2019-05-01T21:00:00,0.0,2.26
2019-05-01T22:00:00,0.0,2.47
2019-05-01T23:00:00,0.0,2.54
2019-05-02T00:00:00,0.0,2.14
2019-05-02T01:00:00,0.0,1.81
2019-05-02T02:00:00,0.0,1.12
2019-05-02T03:00:00,0.0,0.34
2019-05-02T04:00:00,0.0,1.53
2019-05-02T05:00:00,0.0,2.4
2019-05-02T06:00:00,119.0,3.27
2019-05-02T07:00:00,323.4,3.31
2019-05-02T08:00:00,542.05,2.3
2019-05-02T09:00:00,658.62,1.9
2019-05-02T10:00:00,783.15,2.6
2019-05-02T11:00:00,854.55,3.42
2019-05-02T12:00:00,781.35,3.8
2019-05-02T13:00:00,562.83,3.9
2019-05-02T14:00:00,523.8,4.04
2019-05-02T15:00:00,435.4,4.05
2019-05-02T16:00:00,279.65,3.94
2019-05-02T17:00:00,149.0,3.64
2019-05-02T18:00:00,50.62,3.33
2019-05-02T19:00:00,0.0,2.96
2019-05-02T20:00:00,0.0,2.71
2019-05-02T21:00:00,0.0,2.7
2019-05-02T22:00:00,0.0,2.67
2019-05-02T23:00:00,0.0,2.44
2019-05-03T00:00:00,0.0,2.03
2019-05-03T01:00:00,0.0,1.95
2019-05-03T02:00:00,0.0,1.94
2019-05-03T03:00:00,0.0,2.45
2019-05-03T04:00:00,0.0,3.14
2019-05-03T05:00:00,0.0,3.92
2019-05-03T06:00:00,120.07,4.68
2019-05-03T07:00:00,331.6,3.96
2019-05-03T08:00:00,555.92,2.81
2019-05-03T09:00:00,753.6,1.98
2019-05-03T10:00:00,906.25,1.88
2019-05-03T11:00:00,1002.88,2.31
2019-05-03T12:00:00,1035.22,2.96
2019-05-03T13:00:00,998.65,3.28
2019-05-03T14:00:00,874.38,3.24
2019-05-03T15:00:00,740.45,3.08
2019-05-03T16:00:00,543.75,2.94
2019-05-03T17:00:00,315.23,2.89
2019-05-03T18:00:00,99.45,2.77
2019-05-03T19:00:00,0.0,2.66
2019-05-03T20:00:00,0.0,2.66
2019-05-03T21:00:00,0.0,2.86
2019-05-03T22:00:00,0.0,3.05
2019-05-03T23:00:00,0.0,2.94
2019-05-04T00:00:00,0.0,2.56
2019-05-04T01:00:00,0.0,2.06
2019-05-04T02:00:00,0.0,1.69
2019-05-04T03:00:00,0.0,1.74
2019-05-04T04:00:00,0.0,2.04
2019-05-04T05:00:00,0.0,2.58
2019-05-04T06:00:00,132.32,3.41
2019-05-04T07:00:00,347.3,3.39
2019-05-04T08:00:00,570.7,2.31
2019-05-04T09:00:00,765.38,2.45
2019-05-04T10:00:00,914.33,3.07
2019-05-04T11:00:00,1008.17,3.54
2019-05-04T12:00:00,1037.93,3.74
2019-05-04T13:00:00,1001.92,3.76
2019-05-04T14:00:00,891.75,3.62
2019-05-04T15:00:00,728.5,3.39
2019-05-04T16:00:00,525.2,3.19
2019-05-04T17:00:00,303.83,3.0
2019-05-04T18:00:00,97.55,2.71
2019-05-04T19:00:00,0.0,2.75
2019-05-04T20:00:00,0.0,3.04
2019-05-04T21:00:00,0.0,3.39
2019-05-04T22:00:00,0.0,3.81
2019-05-04T23:00:00,0.0,4.1
2019-05-05T00:00:00,0.0,4.12
2019-05-05T01:00:00,0.0,3.94
2019-05-05T02:00:00,0.0,3.15
2019-05-05T03:00:00,0.0,1.7
2019-05-05T04:00:00,0.0,0.73
2019-05-05T05:00:00,0.0,1.39
2019-05-05T06:00:00,133.0,2.64
2019-05-05T07:00:00,341.33,3.06
2019-05-05T08:00:00,562.22,2.7
2019-05-05T09:00:00,758.72,3.07
2019-05-05T10:00:00,900.12,3.7
2019-05-05T11:00:00,883.62,4.04
2019-05-05T12:00:00,1020.1,4.1
2019-05-05T13:00:00,962.35,3.99
2019-05-05T14:00:00,813.2,3.62
2019-05-05T15:00:00,557.3,3.05
2019-05-05T16:00:00,380.15,2.49
2019-05-05T17:00:00,196.57,1.92
2019-05-05T18:00:00,58.92,1.8
2019-05-05T19:00:00,0.0,2.34
2019-05-05T20:00:00,0.0,2.16
2019-05-05T21:00:00,0.0,1.6
2019-05-05T22:00:00,0.0,3.27
2019-05-05T23:00:00,0.0,5.7
2019-05-06T00:00:00,0.0,7.08
2019-05-06T01:00:00,0.0,6.98
2019-05-06T02:00:00,0.0,6.0
2019-05-06T03:00:00,0.0,5.25
2019-05-06T04:00:00,0.0,5.18
2019-05-06T05:00:00,2.65,5.05
2019-05-06T06:00:00,68.38,4.48
2019-05-06T07:00:00,198.45,3.94
2019-05-06T08:00:00,352.45,3.88
2019-05-06T09:00:00,439.23,4.27
2019-05-06T10:00:00,709.4,4.95
2019-05-06T11:00:00,830.53,5.48
2019-05-06T12:00:00,781.35,5.61
2019-05-06T13:00:00,779.9,5.44
2019-05-06T14:00:00,850.2,5.04
2019-05-06T15:00:00,679.42,4.54
2019-05-06T16:00:00,458.55,3.91
2019-05-06T17:00:00,268.9,3.81
2019-05-06T18:00:00,95.78,4.53
2019-05-06T19:00:00,0.0,5.2
2019-05-06T20:00:00,0.0,5.75
2019-05-06T21:00:00,0.0,6.24
2019-05-06T22:00:00,0.0,6.86
2019-05-06T23:00:00,0.0,7.02
2019-05-07T00:00:00,0.0,6.14
2019-05-07T01:00:00,0.0,5.4
2019-05-07T02:00:00,0.0,4.94
2019-05-07T03:00:00,0.0,4.35
2019-05-07T04:00:00,0.0,3.73
2019-05-07T05:00:00,2.78,3.15
2019-05-07T06:00:00,82.5,2.6
2019-05-07T07:00:00,239.12,2.78
2019-05-07T08:00:00,385.25,2.93
2019-05-07T09:00:00,580.15,3.07
2019-05-07T10:00:00,851.0,3.35
2019-05-07T11:00:00,971.7,3.73
2019-05-07T12:00:00,992.25,4.24
2019-05-07T13:00:00,896.83,4.22
2019-05-07T14:00:00,809.28,3.86
2019-05-07T15:00:00,698.25,3.6
2019-05-07T16:00:00,526.72,3.03
2019-05-07T17:00:00,312.3,2.3
2019-05-07T18:00:00,108.78,1.07
2019-05-07T19:00:00,0.0,1.08
2019-05-07T20:00:00,0.0,2.88
2019-05-07T21:00:00,0.0,3.98
2019-05-07T22:00:00,0.0,4.34
2019-05-07T23:00:00,0.0,4.38
2019-05-08T00:00:00,0.0,4.29
2019-05-08T01:00:00,0.0,3.98
2019-05-08T02:00:00,0.0,3.85
2019-05-08T03:00:00,0.0,4.07
2019-05-08T04:00:00,0.0,4.36
2019-05-08T05:00:00,3.67,3.2
2019-05-08T06:00:00,105.28,3.15
2019-05-08T07:00:00,289.42,4.21
2019-05-08T08:00:00,484.55,3.87
2019-05-08T09:00:00,732.28,1.64
2019-05-08T10:00:00,877.4,1.92
2019-05-08T11:00:00,965.05,3.27
2019-05-08T12:00:00,962.6,4.44
2019-05-08T13:00:00,938.0,5.3
2019-05-08T14:00:00,833.7,5.61
2019-05-08T15:00:00,645.4,5.56
2019-05-08T16:00:00,433.6,5.27
2019-05-08T17:00:00,254.8,4.6
2019-05-08T18:00:00,90.47,2.52
2019-05-08T19:00:00,0.0,1.76
2019-05-08T20:00:00,0.0,2.97
2019-05-08T21:00:00,0.0,3.96
2019-05-08T22:00:00,0.0,4.85
2019-05-08T23:00:00,0.0,5.85
2019-05-09T00:00:00,0.0,6.58
2019-05-09T01:00:00,0.0,6.93
2019-05-09T02:00:00,0.0,6.98
2019-05-09T03:00:00,0.0,7.09
2019-05-09T04:00:00,0.0,7.27
2019-05-09T05:00:00,4.32,7.48
2019-05-09T06:00:00,114.25,6.84
2019-05-09T07:00:00,309.8,5.11
2019-05-09T08:00:00,512.58,4.38
2019-05-09T09:00:00,698.58,3.55
2019-05-09T10:00:00,833.2,3.22
2019-05-09T11:00:00,926.5,3.04
2019-05-09T12:00:00,864.33,3.11
2019-05-09T13:00:00,792.65,3.52
2019-05-09T14:00:00,670.97,4.08
2019-05-09T15:00:00,523.28,4.81
2019-05-09T16:00:00,342.48,5.65
2019-05-09T17:00:00,193.25,6.36
2019-05-09T18:00:00,69.53,6.81
2019-05-09T19:00:00,0.0,7.07
2019-05-09T20:00:00,0.0,6.82
2019-05-09T21:00:00,0.0,6.33
2019-05-09T22:00:00,0.0,6.21
2019-05-09T23:00:00,0.0,5.83
2019-05-10T00:00:00,0.0,4.86
2019-05-10T01:00:00,0.0,3.51
2019-05-10T02:00:00,0.0,1.95
2019-05-10T03:00:00,0.0,1.6
2019-05-10T04:00:00,0.0,2.52
2019-05-10T05:00:00,4.65,2.08
2019-05-10T06:00:00,106.6,0.74
2019-05-10T07:00:00,291.8,2.17
2019-05-10T08:00:00,498.8,3.66
2019-05-10T09:00:00,646.97,4.62
2019-05-10T10:00:00,793.75,5.41
2019-05-10T11:00:00,902.85,5.75
2019-05-10T12:00:00,949.33,5.74
2019-05-10T13:00:00,938.55,5.62
2019-05-10T14:00:00,749.2,5.5
2019-05-10T15:00:00,681.33,5.59
2019-05-10T16:00:00,490.23,5.91
2019-05-10T17:00:00,271.2,6.18
2019-05-10T18:00:00,93.38,6.47
2019-05-10T19:00:00,0.0,7.05
2019-05-10T20:00:00,0.0,7.19
2019-05-10T21:00:00,0.0,6.55
2019-05-10T22:00:00,0.0,5.68
2019-05-10T23:00:00,0.0,4.86
2019-05-11T00:00:00,0.0,4.14
2019-05-11T01:00:00,0.0,3.69
2019-05-11T02:00:00,0.0,3.03
2019-05-11T03:00:00,0.0,2.11
2019-05-11T04:00:00,0.0,1.31
2019-05-11T05:00:00,5.3,0.85
2019-05-11T06:00:00,126.03,1.06
2019-05-11T07:00:00,333.17,1.9
2019-05-11T08:00:00,546.95,1.95
2019-05-11T09:00:00,738.65,1.85
2019-05-11T10:00:00,874.6,1.94
2019-05-11T11:00:00,976.0,2.03
2019-05-11T12:00:00,963.88,2.19
2019-05-11T13:00:00,945.72,2.16
2019-05-11T14:00:00,877.55,1.89
2019-05-11T15:00:00,705.1,1.35
2019-05-11T16:00:00,484.55,0.63
2019-05-11T17:00:00,266.85,0.72
2019-05-11T18:00:00,90.57,1.81
2019-05-11T19:00:00,0.0,3.02
2019-05-11T20:00:00,0.0,3.53
2019-05-11T21:00:00,0.0,3.07
2019-05-11T22:00:00,0.0,1.8
2019-05-11T23:00:00,0.0,1.33
2019-05-12T00:00:00,0.0,2.26
2019-05-12T01:00:00,0.0,2.55
2019-05-12T02:00:00,0.0,2.25
2019-05-12T03:00:00,0.0,1.11
2019-05-12T04:00:00,0.0,0.75
2019-05-12T05:00:00,4.22,1.48
2019-05-12T06:00:00,99.35,0.95
2019-05-12T07:00:00,275.65,0.69
2019-05-12T08:00:00,470.23,1.35
2019-05-12T09:00:00,636.62,1.2
2019-05-12T10:00:00,813.53,1.47
2019-05-12T11:00:00,944.38,1.93
2019-05-12T12:00:00,981.15,2.27
2019-05-12T13:00:00,817.88,2.2
2019-05-12T14:00:00,568.38,1.59
2019-05-12T15:00:00,460.62,1.12
2019-05-12T16:00:00,318.08,1.75
2019-05-12T17:00:00,195.98,2.43
2019-05-12T18:00:00,80.18,3.08
2019-05-12T19:00:00,0.0,3.64
2019-05-12T20:00:00,0.0,4.36
2019-05-12T21:00:00,0.0,5.07
2019-05-12T22:00:00,0.0,5.32
2019-05-12T23:00:00,0.0,5.06
2019-05-13T00:00:00,0.0,4.36
2019-05-13T01:00:00,0.0,3.69
2019-05-13T02:00:00,0.0,3.56
2019-05-13T03:00:00,0.0,4.12
2019-05-13T04:00:00,0.0,4.74
2019-05-13T05:00:00,6.0,5.16
2019-05-13T06:00:00,129.82,4.84
2019-05-13T07:00:00,340.55,3.41
2019-05-13T08:00:00,554.2,1.98
2019-05-13T09:00:00,743.33,0.85
2019-05-13T10:00:00,889.1,0.74
2019-05-13T11:00:00,980.5,1.4
2019-05-13T12:00:00,1013.5,2.31
2019-05-13T13:00:00,979.5,3.08
2019-05-13T14:00:00,880.75,3.5
2019-05-13T15:00:00,729.47,3.67
2019-05-13T16:00:00,537.67,3.62
2019-05-13T17:00:00,322.98,3.4
2019-05-13T18:00:00,122.0,3.1
2019-05-13T19:00:00,0.0,2.82
2019-05-13T20:00:00,0.0,2.54
2019-05-13T21:00:00,0.0,2.48
2019-05-13T22:00:00,0.0,2.56
2019-05-13T23:00:00,0.0,2.79
2019-05-14T00:00:00,0.0,3.13
2019-05-14T01:00:00,0.0,3.35
2019-05-14T02:00:00,0.0,3.32
2019-05-14T03:00:00,0.0,2.93
2019-05-14T04:00:00,0.0,2.48
2019-05-14T05:00:00,6.7,2.33
2019-05-14T06:00:00,134.43,2.58
2019-05-14T07:00:00,340.25,1.86
2019-05-14T08:00:00,554.42,1.1
2019-05-14T09:00:00,745.53,1.42
2019-05-14T10:00:00,887.5,1.43
2019-05-14T11:00:00,985.28,1.9
2019-05-14T12:00:00,1015.42,2.49
2019-05-14T13:00:00,977.03,2.85
2019-05-14T14:00:00,867.22,3.04
2019-05-14T15:00:00,729.5,3.14
2019-05-14T16:00:00,535.67,3.17
2019-05-14T17:00:00,321.17,3.11
2019-05-14T18:00:00,122.68,3.1
2019-05-14T19:00:00,0.0,3.03
2019-05-14T20:00:00,0.0,3.1
2019-05-14T21:00:00,0.0,3.84
2019-05-14T22:00:00,0.0,4.9
2019-05-14T23:00:00,0.0,5.7
2019-05-15T00:00:00,0.0,5.71
2019-05-15T01:00:00,0.0,5.02
2019-05-15T02:00:00,0.0,3.87
2019-05-15T03:00:00,0.0,2.42
2019-05-15T04:00:00,0.0,0.95
2019-05-15T05:00:00,7.07,0.84
2019-05-15T06:00:00,124.78,1.89
2019-05-15T07:00:00,303.88,2.21
2019-05-15T08:00:00,496.58,2.07
2019-05-15T09:00:00,669.15,2.49
2019-05-15T10:00:00,844.65,3.34
2019-05-15T11:00:00,823.3,4.05
2019-05-15T12:00:00,838.47,4.48
2019-05-15T13:00:00,905.78,4.76
2019-05-15T14:00:00,844.7,4.82
2019-05-15T15:00:00,707.22,4.79
2019-05-15T16:00:00,441.65,4.96
2019-05-15T17:00:00,252.05,5.56
2019-05-15T18:00:00,80.32,7.05
2019-05-15T19:00:00,2.85,9.39
2019-05-15T20:00:00,0.0,9.42
2019-05-15T21:00:00,0.0,7.86
2019-05-15T22:00:00,0.0,5.84
2019-05-15T23:00:00,0.0,3.79
2019-05-16T00:00:00,0.0,2.7
2019-05-16T01:00:00,0.0,3.03
2019-05-16T02:00:00,0.0,3.91
2019-05-16T03:00:00,0.0,4.53
2019-05-16T04:00:00,0.0,5.01
2019-05-16T05:00:00,5.6,5.36
2019-05-16T06:00:00,104.8,5.62
2019-05-16T07:00:00,279.38,5.42
2019-05-16T08:00:00,474.2,6.53
2019-05-16T09:00:00,611.92,8.65
2019-05-16T10:00:00,890.95,10.1
2019-05-16T11:00:00,983.85,10.75
2019-05-16T12:00:00,963.72,11.23
2019-05-16T13:00:00,993.53,11.14
2019-05-16T14:00:00,892.8,10.66
2019-05-16T15:00:00,736.3,10.5
2019-05-16T16:00:00,539.53,10.36
2019-05-16T17:00:00,312.77,10.2
2019-05-16T18:00:00,111.2,9.69
2019-05-16T19:00:00,3.72,9.26
2019-05-16T20:00:00,0.0,9.22
2019-05-16T21:00:00,0.0,9.43
2019-05-16T22:00:00,0.0,8.89
2019-05-16T23:00:00,0.0,8.19
2019-05-17T00:00:00,0.0,7.53
2019-05-17T01:00:00,0.0,7.12
2019-05-17T02:00:00,0.0,6.49
2019-05-17T03:00:00,0.0,5.44
2019-05-17T04:00:00,0.0,4.66
2019-05-17T05:00:00,9.27,4.48
2019-05-17T06:00:00,156.15,4.09
2019-05-17T07:00:00,374.62,3.3
2019-05-17T08:00:00,591.12,3.23
2019-05-17T09:00:00,781.22,3.78
2019-05-17T10:00:00,928.15,4.36
2019-05-17T11:00:00,1015.38,4.83
2019-05-17T12:00:00,1041.2,5.37
2019-05-17T13:00:00,985.22,5.95
2019-05-17T14:00:00,916.12,6.58
2019-05-17T15:00:00,758.92,7.09
2019-05-17T16:00:00,486.42,7.54
2019-05-17T17:00:00,295.65,7.15
2019-05-17T18:00:00,112.35,6.18
2019-05-17T19:00:00,4.45,5.86
2019-05-17T20:00:00,0.0,5.63
2019-05-17T21:00:00,0.0,5.22
2019-05-17T22:00:00,0.0,4.77
2019-05-17T23:00:00,0.0,4.2
2019-05-18T00:00:00,0.0,3.45
2019-05-18T01:00:00,0.0,2.92
2019-05-18T02:00:00,0.0,2.72
2019-05-18T03:00:00,0.0,2.24
2019-05-18T04:00:00,0.0,1.47
2019-05-18T05:00:00,9.88,1.54
2019-05-18T06:00:00,158.77,2.03
2019-05-18T07:00:00,379.38,1.29
2019-05-18T08:00:00,597.65,0.48
2019-05-18T09:00:00,789.05,0.85
2019-05-18T10:00:00,937.05,1.34
2019-05-18T11:00:00,1027.3,2.04
2019-05-18T12:00:00,1031.55,2.72
2019-05-18T13:00:00,935.2,3.15
2019-05-18T14:00:00,882.7,3.24
2019-05-18T15:00:00,744.5,3.42
2019-05-18T16:00:00,470.27,3.46
2019-05-18T17:00:00,267.67,3.1
2019-05-18T18:00:00,95.32,2.55
2019-05-18T19:00:00,3.83,1.48
2019-05-18T20:00:00,0.0,0.62
2019-05-18T21:00:00,0.0,0.32
2019-05-18T22:00:00,0.0,1.69
2019-05-18T23:00:00,0.0,3.25
2019-05-19T00:00:00,0.0,4.19
2019-05-19T01:00:00,0.0,4.0
2019-05-19T02:00:00,0.0,3.69
2019-05-19T03:00:00,0.0,3.34
2019-05-19T04:00:00,0.0,2.55
2019-05-19T05:00:00,5.43,2.91
2019-05-19T06:00:00,65.62,4.58
2019-05-19T07:00:00,173.15,4.68
2019-05-19T08:00:00,294.4,4.27
2019-05-19T09:00:00,306.85,4.54
2019-05-19T10:00:00,510.1,5.29
2019-05-19T11:00:00,604.62,5.91
2019-05-19T12:00:00,592.3,6.5
2019-05-19T13:00:00,443.35,7.33
2019-05-19T14:00:00,640.35,8.24
2019-05-19T15:00:00,543.25,8.7
2019-05-19T16:00:00,271.98,8.8
2019-05-19T17:00:00,147.45,8.56
2019-05-19T18:00:00,57.62,8.08
2019-05-19T19:00:00,3.25,7.59
2019-05-19T20:00:00,0.0,7.32
2019-05-19T21:00:00,0.0,7.41
2019-05-19T22:00:00,0.0,6.96
2019-05-19T23:00:00,0.0,5.81
2019-05-20T00:00:00,0.0,5.37
2019-05-20T01:00:00,0.0,5.79
2019-05-20T02:00:00,0.0,6.57
2019-05-20T03:00:00,0.0,6.65
2019-05-20T04:00:00,0.0,6.25
2019-05-20T05:00:00,7.55,5.92
2019-05-20T06:00:00,129.62,5.93
2019-05-20T07:00:00,316.23,6.79
2019-05-20T08:00:00,526.97,6.86
2019-05-20T09:00:00,649.47,7.1
2019-05-20T10:00:00,736.83,7.49
2019-05-20T11:00:00,849.33,7.99
2019-05-20T12:00:00,816.08,8.31
2019-05-20T13:00:00,799.58,8.21
2019-05-20T14:00:00,732.47,8.17
2019-05-20T15:00:00,602.45,8.36
2019-05-20T16:00:00,366.9,8.21
2019-05-20T17:00:00,237.25,7.7
2019-05-20T18:00:00,95.05,6.71
2019-05-20T19:00:00,4.43,5.6
2019-05-20T20:00:00,0.0,4.46
2019-05-20T21:00:00,0.0,3.43
2019-05-20T22:00:00,0.0,3.17
2019-05-20T23:00:00,0.0,3.96
2019-05-21T00:00:00,0.0,5.27
2019-05-21T01:00:00,0.0,5.43
2019-05-21T02:00:00,0.0,4.39
2019-05-21T03:00:00,0.0,2.91
2019-05-21T04:00:00,0.0,2.65
2019-05-21T05:00:00,10.25,3.38
2019-05-21T06:00:00,156.38,3.88
2019-05-21T07:00:00,374.6,3.69
2019-05-21T08:00:00,590.7,4.29
2019-05-21T09:00:00,779.85,5.22
2019-05-21T10:00:00,924.75,6.19
2019-05-21T11:00:00,1003.35,7.23
2019-05-21T12:00:00,1038.97,8.33
2019-05-21T13:00:00,1011.15,9.33
2019-05-21T14:00:00,915.65,10.17
2019-05-21T15:00:00,723.5,10.57
2019-05-21T16:00:00,505.73,10.88
2019-05-21T17:00:00,287.3,11.04
2019-05-21T18:00:00,103.62,10.79
2019-05-21T19:00:00,3.72,10.4
2019-05-21T20:00:00,0.0,9.39
2019-05-21T21:00:00,0.0,9.43
2019-05-21T22:00:00,0.0,8.08
2019-05-21T23:00:00,0.0,6.79
2019-05-22T00:00:00,0.0,6.43
2019-05-22T01:00:00,0.0,6.21
2019-05-22T02:00:00,0.0,5.8
2019-05-22T03:00:00,0.0,5.19
2019-05-22T04:00:00,0.0,4.57
2019-05-22T05:00:00,9.43,4.29
2019-05-22T06:00:00,141.32,4.18
2019-05-22T07:00:00,350.4,4.11
2019-05-22T08:00:00,560.7,4.67
2019-05-22T09:00:00,732.4,5.31
2019-05-22T10:00:00,832.33,5.75
2019-05-22T11:00:00,740.95,6.11
2019-05-22T12:00:00,794.08,6.51
2019-05-22T13:00:00,692.55,6.75
2019-05-22T14:00:00,563.75,6.7
2019-05-22T15:00:00,533.17,6.58
2019-05-22T16:00:00,321.42,6.48
2019-05-22T17:00:00,193.88,6.22
2019-05-22T18:00:00,75.75,5.69
2019-05-22T19:00:00,3.55,4.96
2019-05-22T20:00:00,0.0,4.41
2019-05-22T21:00:00,0.0,4.16
2019-05-22T22:00:00,0.0,4.84
2019-05-22T23:00:00,0.0,5.65
2019-05-23T00:00:00,0.0,5.76
2019-05-23T01:00:00,0.0,5.9
2019-05-23T02:00:00,0.0,5.74
2019-05-23T03:00:00,0.0,4.79
2019-05-23T04:00:00,0.0,4.36
2019-05-23T05:00:00,9.12,4.19
2019-05-23T06:00:00,144.75,3.89
2019-05-23T07:00:00,357.35,4.17
2019-05-23T08:00:00,576.22,5.05
2019-05-23T09:00:00,736.17,4.86
2019-05-23T10:00:00,858.75,4.65
2019-05-23T11:00:00,953.83,4.58
2019-05-23T12:00:00,977.5,4.26
2019-05-23T13:00:00,856.83,3.77
2019-05-23T14:00:00,714.67,3.31
2019-05-23T15:00:00,680.8,2.67
2019-05-23T16:00:00,540.1,1.92
2019-05-23T17:00:00,335.73,1.25
2019-05-23T18:00:00,133.02,1.02
2019-05-23T19:00:00,6.8,2.79
2019-05-23T20:00:00,0.0,4.25
2019-05-23T21:00:00,0.0,4.85
2019-05-23T22:00:00,0.0,4.98
2019-05-23T23:00:00,0.0,4.95
2019-05-24T00:00:00,0.0,4.88
2019-05-24T01:00:00,0.0,4.79
2019-05-24T02:00:00,0.0,4.9
2019-05-24T03:00:00,0.0,5.34
2019-05-24T04:00:00,0.0,5.98
2019-05-24T05:00:00,12.75,6.54
2019-05-24T06:00:00,167.48,6.08
2019-05-24T07:00:00,385.42,3.93
2019-05-24T08:00:00,600.35,1.96
2019-05-24T09:00:00,789.2,0.69
2019-05-24T10:00:00,935.45,1.05
2019-05-24T11:00:00,1029.55,1.96
2019-05-24T12:00:00,1055.4,2.68
2019-05-24T13:00:00,1022.08,3.21
2019-05-24T14:00:00,923.78,3.39
2019-05-24T15:00:00,772.78,3.21
2019-05-24T16:00:00,580.53,2.84
2019-05-24T17:00:00,363.83,2.33
2019-05-24T18:00:00,147.45,2.11
2019-05-24T19:00:00,7.93,3.11
2019-05-24T20:00:00,0.0,4.04
2019-05-24T21:00:00,0.0,4.42
2019-05-24T22:00:00,0.0,4.45
2019-05-24T23:00:00,0.0,4.29
2019-05-25T00:00:00,0.0,3.99
2019-05-25T01:00:00,0.0,3.7
2019-05-25T02:00:00,0.0,3.81
2019-05-25T03:00:00,0.0,3.94
2019-05-25T04:00:00,0.0,3.36
2019-05-25T05:00:00,13.98,2.6
2019-05-25T06:00:00,174.3,1.91
2019-05-25T07:00:00,396.33,1.08
2019-05-25T08:00:00,614.2,1.69
2019-05-25T09:00:00,804.92,2.69
2019-05-25T10:00:00,953.33,3.61
2019-05-25T11:00:00,941.13,4.18
2019-05-25T12:00:00,1074.35,4.4
2019-05-25T13:00:00,1034.47,4.29
2019-05-25T14:00:00,930.22,4.06
2019-05-25T15:00:00,774.08,3.88
2019-05-25T16:00:00,578.78,3.69
2019-05-25T17:00:00,358.38,3.52
2019-05-25T18:00:00,145.68,3.26
2019-05-25T19:00:00,8.07,3.76
2019-05-25T20:00:00,0.0,6.17
2019-05-25T21:00:00,0.0,8.36
2019-05-25T22:00:00,0.0,8.37
2019-05-25T23:00:00,0.0,6.45
2019-05-26T00:00:00,0.0,3.39
2019-05-26T01:00:00,0.0,0.68
2019-05-26T02:00:00,0.0,1.67
2019-05-26T03:00:00,0.0,2.68
2019-05-26T04:00:00,0.0,2.91
2019-05-26T05:00:00,13.12,2.82
2019-05-26T06:00:00,167.25,2.9
2019-05-26T07:00:00,382.85,4.38
2019-05-26T08:00:00,594.8,6.09
2019-05-26T09:00:00,779.65,7.42
2019-05-26T10:00:00,937.67,8.36
2019-05-26T11:00:00,1009.6,8.84
2019-05-26T12:00:00,1028.7,8.72
2019-05-26T13:00:00,1009.3,8.48
2019-05-26T14:00:00,900.5,8.45
2019-05-26T15:00:00,742.83,8.31
2019-05-26T16:00:00,528.15,8.17
2019-05-26T17:00:00,315.98,8.23
2019-05-26T18:00:00,118.62,7.99
2019-05-26T19:00:00,6.12,7.24
2019-05-26T20:00:00,0.0,6.51
2019-05-26T21:00:00,0.0,6.36
2019-05-26T22:00:00,0.0,6.6
2019-05-26T23:00:00,0.0,6.64
2019-05-27T00:00:00,0.0,6.34
2019-05-27T01:00:00,0.0,5.86
2019-05-27T02:00:00,0.0,5.27
2019-05-27T03:00:00,0.0,5.02
2019-05-27T04:00:00,0.0,5.76
2019-05-27T05:00:00,11.07,6.91
2019-05-27T06:00:00,149.68,7.35
2019-05-27T07:00:00,340.15,8.1
2019-05-27T08:00:00,539.85,7.91
2019-05-27T09:00:00,792.2,7.52
2019-05-27T10:00:00,930.45,7.54
2019-05-27T11:00:00,1022.8,7.49
2019-05-27T12:00:00,1039.43,7.29
2019-05-27T13:00:00,1025.88,7.0
2019-05-27T14:00:00,928.67,6.92
2019-05-27T15:00:00,774.33,6.94
2019-05-27T16:00:00,578.47,6.53
2019-05-27T17:00:00,359.58,5.79
2019-05-27T18:00:00,146.23,4.94
2019-05-27T19:00:00,8.7,4.44
2019-05-27T20:00:00,0.0,4.43
2019-05-27T21:00:00,0.0,4.41
2019-05-27T22:00:00,0.0,4.25
2019-05-27T23:00:00,0.0,3.9
2019-05-28T00:00:00,0.0,3.56
2019-05-28T01:00:00,0.0,3.45
2019-05-28T02:00:00,0.0,3.45
2019-05-28T03:00:00,0.0,3.7
2019-05-28T04:00:00,0.0,4.19
2019-05-28T05:00:00,14.1,4.76
2019-05-28T06:00:00,170.27,4.64
2019-05-28T07:00:00,388.7,2.98
2019-05-28T08:00:00,603.28,1.29
2019-05-28T09:00:00,790.62,0.57
2019-05-28T10:00:00,919.92,1.47
2019-05-28T11:00:00,987.55,2.56
2019-05-28T12:00:00,1026.47,3.23
2019-05-28T13:00:00,903.15,3.5
2019-05-28T14:00:00,857.2,3.28
2019-05-28T15:00:00,701.9,2.87
2019-05-28T16:00:00,559.62,2.38
2019-05-28T17:00:00,343.15,1.9
2019-05-28T18:00:00,138.25,1.68
2019-05-28T19:00:00,8.43,1.63
2019-05-28T20:00:00,0.0,1.81
2019-05-28T21:00:00,0.0,2.29
2019-05-28T22:00:00,0.0,2.8
2019-05-28T23:00:00,0.0,3.08
